Row,Season,No. in series,Company,Deal,Industry,Entrepreneur Gender,Amount,Equity,Valuation,Corcoran,Cuban,Greiner,Herjavec,John,O'Leary,Harrington,Guest,Sharks,per shark,Details / Notes
1,1,1,Ava the Elephant,Yes,Healthcare,Female,"50,000",55%,"90,909",1,,,,,,,,1,"50,000",
2,1,1,Mr. Tod's Pie Factory,Yes,Food and Beverage,Male,"4,60,000",50%,"9,20,000",1,,,,1,,,,2,"2,30,000",
3,1,1,Wispots,No,Business Services,Male,,,,,,,,,,,,0,,
4,1,1,College Foxes Packing Boxes,No,Lifestyle / Home,Male,,,,,,,,,,,,0,,
5,1,1,Ionic Ear,No,Uncertain / Other,Male,,,,,,,,,,,,0,,
6,1,2,A Perfect Pear,Yes,Food and Beverage,Female,"5,00,000",50%,"10,00,000",,,,1,,1,,,2,"2,50,000",
7,1,2,Classroom Jams,Yes,Children / Education,Male,"2,50,000",10%,"25,00,000",1,1,,1,1,1,,,5,"50,000",
8,1,2,Lifebelt,No,Consumer Products,Male,,,,,,,,,,,,0,,
9,1,2,Crooked Jaw,No,Fashion / Beauty,Male,,,,,,,,,,,,0,,
10,1,2,Sticky Note Holder,No,Lifestyle / Home,Female,,,,,,,,,,,,0,,
11,1,3,Turbobaster,Yes,Food and Beverage,Female,"35,000",100%,"35,000",,,,,,,1,,1,"35,000",2% royalty
12,1,3,Stress Free Kids,Yes,Children / Education,Female,"2,50,000",50%,"5,00,000",1,,,,,,,,1,"2,50,000",
13,1,3,Kwyzta Chopstick Art,No,Children / Education,Male,,,,,,,,,,,,0,,
14,1,3,50 State Capitals in 50 Minutes,No,Children / Education,Male,,,,,,,,,,,,0,,
15,1,3,Voyage Air Guitar,No,Media / Entertainment,Male,,,,,,,,,,,,0,,
16,1,4,Gift Card Rescue,Yes,Software / Tech,Male,"2,00,000",50%,"4,00,000",,,,1,,1,,,2,"1,00,000",
17,1,4,Coverplay,Yes,Children / Education,Female,"35,000",40%,"87,500",1,,,,,,,,1,"35,000",
18,1,4,Graffiti Removal Services,No,Business Services,Male,,,,,,,,,,,,0,,
19,1,4,"Souls Calling, Inc.",No,Fashion / Beauty,Female,,,,,,,,,,,,0,,
20,1,4,Coffee Brand Gifts,No,Food and Beverage,Male,,,,,,,,,,,,0,,
21,1,5,My Therapy Journal,Yes,Healthcare,Male,"80,000",51%,"1,56,863",,,,1,,1,,,2,"40,000",
22,1,5,Body Jac,Yes,Fitness / Sports,Male,"1,80,000",50%,"3,60,000",1,,,,,,1,,2,"90,000",contingent on him losing 30 pounds!
23,1,5,Good Grief Celebrations,No,Business Services,Female,,,,,,,,,,,,0,,
24,1,5,Granola Gourmet,No,Food and Beverage,Male,,,,,,,,,,,,0,,
25,1,5,Face Blok,No,Healthcare,Female,,,,,,,,,,,,0,,
26,1,6,Pork Barrel BBQ Sauce,Yes,Food and Beverage,Male,"50,000",50%,"1,00,000",1,,,,,,,,1,"50,000",
27,1,6,Element Bars,Yes,Fitness / Sports,Male,"1,50,000",30%,"5,00,000",,,,,,,1,,1,"1,50,000","license bars, entrepreneur gets 4% of sales forever"
28,1,6,Underease Underwear,No,Fashion / Beauty,Mixed Team,,,,,,,,,,,,0,,
29,1,6,Kalyx Technologies,No,Fashion / Beauty,Female,,,,,,,,,,,,0,,
30,1,6,The Fizz,No,Food and Beverage,Male,,,,,,,,,,,,0,,
31,1,7,Soy-Yer-Dough,Yes,Food and Beverage,Male,"3,00,000",51%,"5,88,235",,,,1,1,1,,,3,"1,00,000",
32,1,7,Grill Charms Set,Yes,Fashion / Beauty,Female,"50,000",20%,"2,50,000",,,,1,,,,,1,"50,000",
33,1,7,Boogie Box Fitness,No,Fitness / Sports,Female,,,,,,,,,,,,0,,
34,1,7,The Fun house Project,No,Media / Entertainment,Male,,,,,,,,,,,,0,,
35,1,8,Treasure Chest Pets,Yes,Pet Products,Female,"1,00,000",60%,"1,66,667",1,,,,1,,,,2,"50,000",
36,1,8,Notehall,Yes,Software / Tech,Male,"90,000",25%,"3,60,000",1,,,,,,,,1,"90,000",deal did not go through after show; acquired by Chegg for 3.7M in equity
37,1,8,Throx,No,Fashion / Beauty,Male,,,,,,,,,,,,0,,
38,1,8,Washed Up Hollywood,No,Fashion / Beauty,Male,,,,,,,,,,,,0,,
39,1,9,Gayla Bentley Fashion,Yes,Fashion / Beauty,Female,"2,50,000",50%,"5,00,000",1,,,,1,,,,2,"1,25,000",
40,1,9,Chill Soda,Yes,Food and Beverage,Male,"50,000",20%,"2,50,000",1,,,,,,,,1,"50,000",
41,1,9,Cornucopia Express,No,Pet Products,Male,,,,,,,,,,,,0,,
42,1,9,Virtusphere,No,Software / Tech,Male,,,,,,,,,,,,0,,
43,1,10,The URO Club,Yes,Uncertain / Other,Male,"25,000",70%,"35,714",,,,,,,,1,1,"25,000",
44,1,10,Jump Forward,Yes,Uncertain / Other,Male,"6,00,000",50%,"12,00,000",,,,1,,1,,,2,"3,00,000",
45,1,10,The Bobble Place,No,Children / Education,Male,,,,,,,,,,,,0,,
46,1,10,Mr. Poncho,No,Fashion / Beauty,Mixed Team,,,,,,,,,,,,0,,
47,1,11,Hells Bells Helmets,Yes,Consumer Products,Mixed Team,"5,00,000",50%,"10,00,000",,,,,1,,,,1,"5,00,000",
48,1,11,Chef In Black,Yes,Food and Beverage,Female,"50,000",40%,"1,25,000",1,,,,,,,,1,"50,000",
49,1,11,Ink Flip,No,Business Services,Male,,,,,,,,,,,,0,,
50,1,11,Romp NΓÇÖ Roll,No,Children / Education,Mixed Team,,,,,,,,,,,,0,,
51,1,11,The Twister,No,Fitness / Sports,Male,,,,,,,,,,,,0,,
52,1,12,Grease Monkey Wipes,Yes,Lifestyle / Home,Mixed Team,"40,000",40%,"1,00,000",1,,,1,,,,,2,"20,000",
53,1,12,Wee Can Shop,No,Children / Education,Mixed Team,,,,,,,,,,,,0,,
54,1,12,The Podillow,No,Consumer Products,Mixed Team,,,,,,,,,,,,0,,
55,1,12,The Factionist,No,Fashion / Beauty,Male,,,,,,,,,,,,0,,
56,1,13,Caffeindicator,Yes,Food and Beverage,Male,"2,00,000",50%,"4,00,000",,,,,,,1,,1,"2,00,000",
57,1,13,Lipstick Remix,Yes,Fashion / Beauty,Female,"1,05,000",50%,"2,10,000",1,,,,1,,1,,3,"35,000",
58,1,13,Legal Grind,No,Business Services,Mixed Team,,,,,,,,,,,,0,,
59,1,13,Captain Ice Cream,No,Food and Beverage,Male,,,,,,,,,,,,0,,
60,1,14,Nubrella,Yes,Fashion / Beauty,Male,"2,00,000",51%,"3,92,157",,,,,1,,1,,2,"1,00,000",Deal fell through after show
61,1,14,Qubits,Yes,Children / Education,Male,"90,000",51%,"1,76,471",,,,,1,,,,1,"90,000",Deal fell through after show
62,1,14,Send A Ball,No,Children / Education,Female,,,,,,,,,,,,0,,
63,1,14,Pillars of Slippers,No,Fashion / Beauty,Female,,,,,,,,,,,,0,,
64,1,14,Llama Brew,No,Green/CleanTech,Mixed Team,,,,,,,,,,,,0,,
65,2,1,Wurkin Stiffs,Yes,Consumer Products,Male,"1,00,000",40%,"2,50,000",1,,,,1,,,,2,"50,000",
66,2,1,Tippi Toes,Yes,Fitness / Sports,Female,"1,00,000",30%,"3,33,333",1,1,,,,,,,2,"50,000",
67,2,1,CBS Foods,No,Food and Beverage,Male,,,,,,,,,,,,0,,
68,2,1,Copa di Vino,No,Food and Beverage,Male,,,,,,,,,,,,0,,
69,2,2,Toygaroo,Yes,Children / Education,Female,"2,00,000",35%,"5,71,429",,1,,,,1,,,2,"1,00,000",Company filed for Chapter 7 bankruptcy in April 2012
70,2,2,First Defense Nasal Screen,Yes,Healthcare,Male,"7,50,000",30%,"25,00,000",,1,,1,1,,,,3,"2,50,000",10% perpetual royalty
71,2,2,Vurtego,No,Fitness / Sports,Male,,,,,,,,,,,,0,,
72,2,2,Wake n' Bacon,No,Food and Beverage,Male,,,,,,,,,,,,0,,
73,2,3,Mod Mom Furniture,Yes,Lifestyle / Home,Female,"90,000",33%,"2,72,727",,,,,,,,,0,#DIV/0!,7.5% royalty fee after they hit 500K
74,2,3,Flipoutz,Yes,Fashion / Beauty,Mixed Team,"1,00,000",25%,"4,00,000",,,,,1,,,,1,"1,00,000",
75,2,3,Fitness Stride,No,Fitness / Sports,Male,,,,,,,,,,,,0,,
76,2,3,Pure Ayre,No,Lifestyle / Home,Male,,,,,,,,,,,,0,,
77,2,4,Broccoli Wad,Yes,Food and Beverage,Male,"50,000",40%,"1,25,000",1,,,,,,,,1,"50,000",
78,2,4,Hillbilly Brand,Yes,Fashion / Beauty,Male,"75,000",25%,"3,00,000",,,,1,1,,,,2,"37,500",7% royalty
79,2,4,Ride-On Carry-On,Yes,Consumer Products,Mixed Team,"50,000",25%,"2,00,000",1,,,,,,,,1,"50,000",
80,2,4,Uncle Zip's Beef Jerky,No,Food and Beverage,Male,,,,,,,,,,,,0,,
81,2,5,Lightfilm,Yes,Consumer Products,Male,"10,000",70%,"14,286",,,,1,1,,,,2,"5,000",founders receive 75% of the profit's until the 750k was paid back
82,2,5,Fridge Fronts,Yes,Lifestyle / Home,Female,"1,00,000",50%,"2,00,000",1,,,,,1,,,2,"50,000",magnetic decorative finish for refrigerators; deal did not go through
83,2,5,New Era Brands,No,Consumer Products,Male,,,,,,,,,,,,0,,clip-on gum and clip-on contact lens cases
84,2,5,Thin Gloss,No,Fashion / Beauty,Female,,,,,,,,,,,,0,,weight loss lip gloss
85,2,6,Sweep Easy,Yes,Lifestyle / Home,Male,"75,000",33%,"2,27,273",,,,,1,,,,1,"75,000",
86,2,6,Daisy Cakes,Yes,Food and Beverage,Female,"50,000",25%,"2,00,000",1,,,,,,,,1,"50,000",Barbara gets 1 per every cake sold until investment is paid back
87,2,6,Hot Mama Gowns,No,Fashion / Beauty,Female,,,,,,,,,,,,0,,luxury maternity gowns
88,2,6,Caddy Swag,No,Fitness / Sports,Mixed Team,,,,,,,,,,,,0,,
89,2,7,Hydromax,Yes,Fitness / Sports,Male,"50,000",50%,"1,00,000",,,,,,,,1,1,"50,000",
90,2,7,Carsik Bib,No,Children / Education,Male,,,,,,,,,,,,0,,
91,2,7,Ecomowers,No,Green/CleanTech,Male,,,,,,,,,,,,0,,
92,2,7,Games2U,No,Media / Entertainment,Male,,,,,,,,,,,,0,,
93,2,8,HyConn,Yes,Uncertain / Other,Male,"12,50,000",100%,"12,50,000",,1,,,,,,,1,"12,50,000",deal did not go through after show
94,2,8,Origaudio,Yes,Software / Tech,Male,"1,50,000",15%,"10,00,000",,,,1,,,,,1,"1,50,000",deal did not go through after diligence
95,2,8,Man Candle,No,Lifestyle / Home,Male,,,,,,,,,,,,0,,
96,2,8,Original Runner Company,No,Lifestyle / Home,Female,,,,,,,,,,,,0,,
97,2,9,Aldo Orta Jewelry,Yes,Fashion / Beauty,Male,"1,80,000",45%,"4,00,000",1,,,,,,1,,2,"90,000",
98,2,9,One Sole,Yes,Fashion / Beauty,Female,"5,00,000",35%,"14,28,571",,,,,1,,,,1,"5,00,000",
99,2,9,CitiKitty,Yes,Pet Products,Female,"1,00,000",30%,"3,33,333",,,,,,,1,,1,"1,00,000",
100,2,9,Samson Martin,No,Fashion / Beauty,Female,,,,,,,,,,,,0,,
101,3,1,EZ VIP,Yes,Media / Entertainment,Male,"1,50,000",30%,"5,00,000",,1,,,1,,,,2,"75,000",
102,3,1,The Clean Bottle,Yes,Food and Beverage,Male,"60,000",8%,"7,50,000",,1,,,,,,,1,"60,000",
103,3,1,My Wonderful Life,No,Business Services,Female,,,,,,,,,,,,0,,
104,3,1,Business Ghost,No,Business Services,Male,,,,,,,,,,,,0,,
105,3,2,I Want To Draw A Cat For You,Yes,Software / Tech,Male,"25,000",33%,"75,758",,1,,,,,,,1,"25,000",
106,3,2,Salespreneur,No,Business Services,Male,,,,,,,,,,,,0,,
107,3,2,Invis-A-Rack,No,Consumer Products,Male,,,,,,,,,,,,0,,
108,3,2,Vegas Magic Show,No,Media / Entertainment,Male,,,,,,,,,,,,0,,
109,3,3,You Smell Soap,Yes,Fashion / Beauty,Female,"50,000",50%,"1,00,000",,,,1,,,,,1,"50,000",deal terms changed after dilligence (http://sharktanksuccess.blogspot.com/2013/07/you-smell-soap-update.html)
110,3,3,Chord Buddy,Yes,Media / Entertainment,Male,"1,75,000",20%,"8,75,000",,,,1,,,,,1,"1,75,000",
111,3,3,Liquid Money,No,Consumer Products,Male,,,,,,,,,,,,0,,
112,3,3,Tail Lightz,No,Fashion / Beauty,Male,,,,,,,,,,,,0,,
113,3,4,Wine Balloon,Yes,Food and Beverage,Male,"4,00,000",100%,"4,00,000",,1,,,,,,,1,"4,00,000",deal fell apart after show
114,3,4,Show No,Yes,Fashion / Beauty,Female,"75,000",25%,"3,00,000",,,1,,,,,,1,"75,000",
115,3,4,The Swilt,No,Fashion / Beauty,Female,,,,,,,,,,,,0,,
116,3,4,Puppy Cake,No,Pet Products,Female,,,,,,,,,,,,0,,
117,3,5,The Last Lid,Yes,Lifestyle / Home,Mixed Team,"40,000",60%,"66,667",,,,,1,,,,1,"40,000",
118,3,5,Talbott Teas,Yes,Food and Beverage,Male,"2,50,000",35%,"7,14,286",,,,,,1,,,1,"2,50,000",Acquired by Jamba Juice
119,3,5,M3 Girl Designs,Yes,Fashion / Beauty,Female,"3,00,000",30%,"10,00,000",,1,1,1,,,,,3,"1,00,000",
120,3,5,Ledge Pillow,No,Lifestyle / Home,Female,,,,,,,,,,,,0,,
121,3,6,Readerest Specsecure,Yes,Consumer Products,Male,"1,50,000",65%,"2,30,769",,,1,,,,,,1,"1,50,000",
122,3,6,The Painted Pretzel,Yes,Food and Beverage,Female,"1,00,000",25%,"4,00,000",,1,,,,,,,1,"1,00,000",
123,3,6,Esso Watches,No,Fashion / Beauty,Male,,,,,,,,,,,,0,,
124,3,6,Five Minute Furniture,No,Lifestyle / Home,Male,,,,,,,,,,,,0,,
125,3,7,Kisstixx,Yes,Fashion / Beauty,Male,"2,00,000",40%,"5,00,000",,1,,,,,,,1,"2,00,000",
126,3,7,The Smart Baker,Yes,Food and Beverage,Mixed Team,"75,000",40%,"1,87,500",1,,,,,,,,1,"75,000",5% royalty until investment paid back
127,3,7,ScotteVest,No,Fashion / Beauty,Male,,,,,,,,,,,,0,,
128,3,7,The Heat Helper,No,Lifestyle / Home,Male,,,,,,,,,,,,0,,
129,3,8,Litter,Yes,Fashion / Beauty,Female,"80,000",51%,"1,56,863",,1,,,1,,,,2,"40,000",
130,3,8,Nardo's Natural,Yes,Fashion / Beauty,Male,"75,000",50%,"1,50,000",,,,,,,,,0,#DIV/0!,
131,3,8,The Original Profender,No,Fitness / Sports,Male,,,,,,,,,,,,0,,
132,3,8,Rent-A-Grandma,No,Lifestyle / Home,Male,,,,,,,,,,,,0,,
133,3,9,Tower Paddle Boards,Yes,Fitness / Sports,Male,"1,50,000",30%,"5,00,000",,1,,,,,,,1,"1,50,000","plus ""first right of refusal"" on any future inventions"
134,3,9,Miso Media,Yes,Media / Entertainment,Male,"3,00,000",8%,"37,50,000",,1,,,,,,,1,"3,00,000",
135,3,9,Instant Lifts,No,Fashion / Beauty,Mixed Team,,,,,,,,,,,,0,,
136,3,9,Vinamor,No,Food and Beverage,Male,,,,,,,,,,,,0,,
137,3,10,GoGo Gear,Yes,Fitness / Sports,Female,"3,00,000",50%,"6,00,000",,,,,1,,,,1,"3,00,000",
138,3,10,The Ave Venice,No,Fashion / Beauty,Male,,,,,,,,,,,,0,,
139,3,10,BrewerΓÇÖs Cow,No,Food and Beverage,Male,,,,,,,,,,,,0,,
140,3,10,BarkΓÇÖemΓÇÖs To Go,No,Pet Products,Male,,,,,,,,,,,,0,,
141,3,11,ViewSport,No,Fitness / Sports,Male,,,,,,,,,,,,0,,
142,3,11,Blondies Cookies,No,Food and Beverage,Female,,,,,,,,,,,,0,,
143,3,11,Copa di Vino,No,Food and Beverage,Male,,,,,,,,,,,,0,,
144,3,11,The Sullivan Generator,No,Green/CleanTech,Male,,,,,,,,,,,,0,,
145,3,12,Lollacup,Yes,Children / Education,Mixed Team,"1,00,000",40%,"2,50,000",,1,,1,,,,,2,"50,000",
146,3,12,Nail Pak,Yes,Fashion / Beauty,Female,"50,000",40%,"1,25,000",,,1,,,,,,1,"50,000",
147,3,12,Debbie Brooks Handbags,No,Fashion / Beauty,Mixed Team,,,,,,,,,,,,0,,
148,3,12,Trimi Tank,No,Fashion / Beauty,Female,,,,,,,,,,,,0,,
149,3,13,Villy Customs,Yes,Fitness / Sports,Male,"5,00,000",42%,"11,90,476",1,1,,,,,,,2,"2,50,000",
150,3,13,Boot Illusions,Yes,Fashion / Beauty,Mixed Team,"5,00,000",40%,"12,50,000",1,1,,,,,,,2,"2,50,000",
151,3,13,AirBedz,No,Consumer Products,Male,,,,,,,,,,,,0,,
152,3,13,Skyride,No,Uncertain / Other,Male,,,,,,,,,,,,0,,
153,3,14,Dance With Me,Yes,Fitness / Sports,Male,"1,00,000",50%,"2,00,000",,1,,,1,,,,2,"50,000",
154,3,14,Wild Squirrel Nut Butter,Yes,Food and Beverage,Female,"50,000",40%,"1,25,000",1,,,,,,,,1,"50,000",
155,3,14,Mix Bikini,Yes,Fashion / Beauty,Male,"50,000",25%,"2,00,000",1,,,,,,,,1,"50,000",
156,3,14,Cab20 Rock Band,No,Media / Entertainment,Male,,,,,,,,,,,,0,,
157,3,15,Remyxx ReKixx Sneakers,Yes,Fashion / Beauty,Male,"50,000",80%,"62,500",,,,,1,,,,1,"50,000",
158,3,15,UniKey Technologies,Yes,Software / Tech,Male,"5,00,000",40%,"12,50,000",,1,,,,1,,,2,"2,50,000",Deal did not close after snow (http://pando.com/2013/05/08/life-after-shark-tank-the-real-story-of-how-unikey-finally-came-to-market/)
159,3,15,The NitroForce Titan 1000,No,Fitness / Sports,Mixed Team,,,,,,,,,,,,0,,
160,3,15,Cougar Limited,No,Food and Beverage,Male,,,,,,,,,,,,0,,
161,4,1,Bev Buckle,Yes,Food and Beverage,Male,"50,000",51%,"98,039",1,,,,,,,,1,"50,000",
162,4,1,Buggy Beds,Yes,Lifestyle / Home,Female,"2,50,000",25%,"10,00,000",1,1,,1,1,1,,,5,"50,000",
163,4,1,Coat Chex,No,Business Services,Male,,,,,,,,,,,,0,,
164,4,1,Body Walking,No,Fashion / Beauty,Male,,,,,,,,,,,,0,,
165,4,2,SurfSet Fitness,Yes,Fitness / Sports,Mixed Team,"3,00,000",30%,"10,00,000",,1,,,,,,,1,"3,00,000",
166,4,2,CateApp,Yes,Software / Tech,Male,"75,000",30%,"2,50,000",,,,,1,1,,,2,"37,500",
167,4,2,Alpha M,No,Business Services,Male,,,,,,,,,,,,0,,
168,4,2,eCreamery,No,Food and Beverage,Female,,,,,,,,,,,,0,,
169,4,3,Rock Bands,Yes,Fashion / Beauty,Male,"1,00,000",40%,"2,50,000",,1,,,1,,,,2,"50,000",
170,4,3,Posture Now,Yes,Healthcare,Male,"1,00,000",30%,"3,33,333",,1,,,,,,,1,"1,00,000",
171,4,3,FuzziBunz,No,Children / Education,Female,,,,,,,,,,,,0,,
172,4,3,Liz Lovely Cookies,No,Food and Beverage,Mixed Team,,,,,,,,,,,,0,,
173,4,4,Bag Bowl,Yes,Lifestyle / Home,Male,"40,000",33%,"1,21,212",,,1,,,,,,1,"40,000",
174,4,4,Back 9 Dips,Yes,Food and Beverage,Mixed Team,"1,50,000",25%,"6,00,000",,,1,1,,,,,2,"75,000",
175,4,4,Lift Hamper,No,Lifestyle / Home,Male,,,,,,,,,,,,0,,
176,4,4,Zomm,No,Lifestyle / Home,Male,,,,,,,,,,,,0,,
177,4,5,Cozy Bugs,Yes,Fashion / Beauty,Female,"50,000",30%,"1,66,667",,,,,1,,,,1,"50,000",
178,4,5,Marz Sprays,Yes,Healthcare,Male,"2,00,000",25%,"8,00,000",,,1,,,,,,1,"2,00,000",plus option to buy back option of half the stock for 4X investment
179,4,5,Wired Waffles,No,Food and Beverage,Male,,,,,,,,,,,,0,,
180,4,5,The Spatty and The Spaddy Dadd,No,Food and Beverage,Female,,,,,,,,,,,,0,,
181,4,6,PRO-NRG,Yes,Food and Beverage,Mixed Team,"2,50,000",30%,"8,33,333",,,,,1,,,,1,"2,50,000",contingent on a deal with Bad Ass Energy
182,4,6,Cousins Maine Lobster,Yes,Food and Beverage,Male,"55,000",15%,"3,66,667",1,,,,,,,,1,"55,000",
183,4,6,Freaker USA,No,Food and Beverage,Male,,,,,,,,,,,,0,,
184,4,6,EcoNutsSoap,No,Lifestyle / Home,Mixed Team,,,,,,,,,,,,0,,
185,4,7,SBU,Yes,Fitness / Sports,Male,"3,00,000",33%,"9,09,091",,,,1,,1,,,2,"1,50,000",
186,4,7,Scrub Daddy,Yes,Lifestyle / Home,Male,"2,00,000",20%,"10,00,000",,,1,,,,,,1,"2,00,000",
187,4,7,The Shemie,No,Fashion / Beauty,Male,,,,,,,,,,,,0,,
188,4,7,The Bear & The Rat,No,Pet Products,Mixed Team,,,,,,,,,,,,0,,
189,4,8,The Cool Wazoo,Yes,Children / Education,Female,"65,000",35%,"1,85,714",,,1,,,,,,1,"65,000",
190,4,8,Plate Topper,Yes,Food and Beverage,Male,"90,000",8%,"11,25,000",,,1,,,,,,1,"90,000",
191,4,8,No Fly Cone,No,Pet Products,Male,,,,,,,,,,,,0,,
192,4,9,Drive Suits,Yes,Uncertain / Other,Male,"1,50,000",30%,"5,00,000",,,,,,1,,,1,"1,50,000",
193,4,9,Ice Chips Candy,Yes,Food and Beverage,Female,"1,25,000",20%,"6,25,000",1,1,,,,,,,2,"62,500",
194,4,9,ReVestor,No,Software / Tech,Male,,,,,,,,,,,,0,,
195,4,9,PC Classes Online,No,Software / Tech,Male,,,,,,,,,,,,0,,
196,4,10,Ruck Pack Combat Nutrition,Yes,Fashion / Beauty,Male,"1,50,000",20%,"7,50,000",,,,1,,1,,,2,"75,000",
197,4,10,Nearly Newlywed,No,Fashion / Beauty,Female,,,,,,,,,,,,0,,
198,4,10,Tie Try,No,Fashion / Beauty,Male,,,,,,,,,,,,0,,
199,4,10,Corks Away,No,Food and Beverage,Male,,,,,,,,,,,,0,,
200,4,11,The Living Christmas Company,Yes,Lifestyle / Home,Male,"1,50,000",40%,"3,75,000",,1,,,,,,,1,"1,50,000",
201,4,11,The Coop,Yes,Children / Education,Female,"1,50,000",15%,"10,00,000",1,,,,,,,,1,"1,50,000",plus personal guarantee she will get her investment back within 2 years
202,4,11,Partie Poche,No,Fashion / Beauty,Mixed Team,,,,,,,,,,,,0,,
203,4,11,Fat Ass Fudge,No,Food and Beverage,Female,,,,,,,,,,,,0,,
204,4,12,Hot Tot,Yes,Children / Education,Female,"75,000",40%,"1,87,500",,1,,,,,,,1,"75,000",
205,4,12,The GameFace Company,Yes,Fashion / Beauty,Male,"4,50,000",35%,"12,85,714",,1,1,,,,,,2,"2,25,000",
206,4,12,Dura Tent,No,Food and Beverage,Male,,,,,,,,,,,,0,,
207,4,12,ARKEG,No,Uncertain / Other,Male,,,,,,,,,,,,0,,
208,4,13,Coffee Joulies,Yes,Food and Beverage,Male,"1,50,000",n/a,n/a,,,1,1,1,1,,,4,"37,500","plus royalty fee of 6 per Coffee Joulies sold retail, and 3 per wholesale. The royalty drops to 1 per unit sold after Sharks recoup their investment."
209,4,13,Teddy Needs,Yes,Children / Education,Female,"1,00,000",30%,"3,33,333",,1,,,,,,,1,"1,00,000",plus 10% royalty until he gets his investment paid back in full
210,4,13,Urbio,Yes,Lifestyle / Home,Male,"3,00,000",15%,"20,00,000",,,1,,,,,,1,"3,00,000",
211,4,13,Sub Zero Ice Cream,No,Food and Beverage,Mixed Team,,,,,,,,,,,,0,,
212,4,14,Sound Bender,Yes,Software / Tech,Male,"54,000",40%,"1,35,000",,,,,1,,,,1,"54,000",
213,4,14,Bibitec Bibs,No,Children / Education,Mixed Team,,,,,,,,,,,,0,,
214,4,14,Cuddle Story Telling Bear,No,Children / Education,Male,,,,,,,,,,,,0,,
215,4,14,Invisible Xero Shoes,No,Fitness / Sports,Mixed Team,,,,,,,,,,,,0,,
216,4,15,Hoodie Pillow,Yes,Lifestyle / Home,Mixed Team,"90,000",20%,"4,50,000",,,,1,,,,,1,"90,000",
217,4,15,Get Grinds,Yes,Food and Beverage,Male,"75,000",15%,"5,00,000",,,,1,1,,,,2,"37,500",
218,4,15,Green Garmento,No,Fashion / Beauty,Female,,,,,,,,,,,,0,,
219,4,15,My Cold Snap,No,Food and Beverage,Male,,,,,,,,,,,,0,,
220,4,16,The Smart Wheel,Yes,Consumer Products,Mixed Team,"1,00,000",30%,"3,33,333",,1,,1,,,,,2,"50,000",
221,4,16,HDYR Sushi Bars,Yes,Food and Beverage,Male,"10,00,000",20%,"50,00,000",,,,,,1,,,1,"10,00,000",
222,4,16,Gotta Have S'More,No,Food and Beverage,Female,,,,,,,,,,,,0,,
223,4,16,Pretty Padded Room,No,Healthcare,Female,,,,,,,,,,,,0,,
224,4,17,Addison's Wonderland,No,Children / Education,Female,,,,,,,,,,,,0,,
225,4,17,Hip Chicks,No,Fashion / Beauty,Female,,,,,,,,,,,,0,,
226,4,17,Proof Eye Wear,No,Fashion / Beauty,Male,,,,,,,,,,,,0,,
227,4,17,Muddy Water Camo,No,Fitness / Sports,Male,,,,,,,,,,,,0,,
228,4,18,Jeska Shoe Company,Yes,Fashion / Beauty,Female,"70,000",70%,"1,00,000",,,,,1,,,,1,"70,000",
229,4,18,Nuts n More,Yes,Food and Beverage,Male,"2,50,000",30%,"8,33,333",,1,,1,,,,,2,"1,25,000",
230,4,18,Neo Innovations,No,Healthcare,Male,,,,,,,,,,,,0,,
231,4,18,PSI Bands,No,Healthcare,Female,,,,,,,,,,,,0,,
232,4,19,CordaRoy's Bean Bag Beds,Yes,Lifestyle / Home,Male,"2,00,000",58%,"3,44,828",,,1,,,,,,1,"2,00,000",
233,4,19,Lose 12,Yes,Fitness / Sports,Male,"1,25,000",25%,"5,00,000",,,,,1,,,,1,"1,25,000",
234,4,19,Baby Loves Disco,No,Children / Education,Mixed Team,,,,,,,,,,,,0,,
235,4,19,Cell Helmet,No,Software / Tech,Male,,,,,,,,,,,,0,,
236,4,20,CoolWraps,Yes,Lifestyle / Home,Male,"2,50,000",100%,"2,50,000",,1,,,,,,,1,"2,50,000",plus inventor gets 3% royalty from all future profits
237,4,20,Simple Sugar Scrubs,Yes,Fashion / Beauty,Female,"1,00,000",33%,"3,03,030",,1,,,,,,,1,"1,00,000",
238,4,20,Drop Stop,Yes,Consumer Products,Male,"3,00,000",20%,"15,00,000",,,1,,,,,,1,"3,00,000",
239,4,20,Traditional Fisheries,No,Food and Beverage,Male,,,,,,,,,,,,0,,
240,4,21,GOBIE H20,Yes,Consumer Products,Male,"3,00,000",40%,"7,50,000",,,,,1,,,,1,"3,00,000",
241,4,21,LiddUp Coolers,Yes,Food and Beverage,Male,"1,00,000",33%,"3,03,030",,,,,,1,,,1,"1,00,000",
242,4,21,Rootsuit,No,Fashion / Beauty,Male,,,,,,,,,,,,0,,
243,4,21,Echo Valley Meats,No,Food and Beverage,Male,,,,,,,,,,,,0,,
244,4,22,Wicked Good Cup Cakes,Yes,Food and Beverage,Female,"75,000",n/a,n/a,,,,,,1,,,1,"75,000","Zero equity, but 1 royalty until investor gets money back,t hen .45 cent royalty in perpetuity."
245,4,22,The Mission Belt,Yes,Fashion / Beauty,Male,"50,000",37.50%,"1,33,333",,,,,1,,,,1,"50,000",
246,4,22,Shell Bobbers,Yes,Fitness / Sports,Male,"80,000",33%,"2,42,424",,1,,,,,,,1,"80,000",
247,4,22,Tremont Electric,No,Green/CleanTech,Male,,,,,,,,,,,,0,,
248,4,23,Me-Ma's Gumbo Bricks,Yes,Food and Beverage,Female,"2,00,000",50%,"4,00,000",,,1,,,1,,,2,"1,00,000",
249,4,23,Misto Box Coffee Club,Yes,Food and Beverage,Mixed Team,"75,000",30%,"2,50,000",,1,,,,,,,1,"75,000",
250,4,23,Vermont Butcher Block,No,Lifestyle / Home,Male,,,,,,,,,,,,0,,
251,4,23,Squirrel Boss Bird Feeder,No,Pet Products,Male,,,,,,,,,,,,0,,
252,4,24,Pink Shutter Photo Booths,Yes,Consumer Products,Male,"3,00,000",33%,"9,09,091",1,,,,,,,,1,"3,00,000",plus equal salary distribution of all the profits
253,4,24,KazAM Balancing Bike's,Yes,Fitness / Sports,Female,"3,00,000",32%,"9,37,500",1,1,,,,,,,2,"1,50,000",
254,4,24,Baby's Badass Burgers,No,Food and Beverage,Female,,,,,,,,,,,,0,,
255,4,24,Track Days,No,Uncertain / Other,Male,,,,,,,,,,,,0,,
256,4,25,Stella Valle Jewelry,Yes,Fashion / Beauty,Female,"1,50,000",35%,"4,28,571",,1,1,,,,,,2,"75,000",
257,4,25,Geek Chic,Yes,Fashion / Beauty,Male,"3,00,000",25%,"12,00,000",,,,1,,,,,1,"3,00,000",
258,4,25,LugLess,No,Consumer Products,Male,,,,,,,,,,,,0,,
259,4,25,Jones Scones,No,Food and Beverage,Male,,,,,,,,,,,,0,,
260,4,26,Ryan's Barkery,Yes,Pet Products,Male,"25,000",25%,"1,00,000",1,,,,,,,,1,"25,000",
261,4,26,Verbalize It App,Yes,Business Services,Male,"2,50,000",20%,"12,50,000",,,,,,1,,,1,"2,50,000",
262,4,26,Tom n Chee,Yes,Food and Beverage,Male,"6,00,000",15%,"40,00,000",1,1,,,,,,,2,"3,00,000",
263,4,26,Three Day Rule,No,Software / Tech,Female,,,,,,,,,,,,0,,
264,5,1,Sweet Ballz,Yes,Food and Beverage,Male,"2,50,000",25%,"10,00,000",1,1,,,,,,,2,"1,25,000",
265,5,1,Postcard on the Run,Yes,Software / Tech,Male,"3,00,000",8%,"40,00,000",,,,1,,,,,1,"3,00,000",
266,5,1,Lynnaes Gourmet Pickles,No,Food and Beverage,Female,,,,,,,,,,,,0,,
267,5,1,RoloDoc,No,Healthcare,Male,,,,,,,,,,,,0,,
268,5,2,Kane & Couture Dog Clothes,Yes,Pet Products,Female,"1,50,000",40%,"3,75,000",,,1,,1,,,,2,"75,000",
269,5,2,Breathometer,Yes,Healthcare,Male,"10,00,000",30%,"33,33,333",,1,1,1,1,1,,,5,"2,00,000",
270,5,2,Mango Mango Preserve,No,Food and Beverage,Female,,,,,,,,,,,,0,,
271,5,2,Man Medals,No,Uncertain / Other,Male,,,,,,,,,,,,0,,
272,5,3,Freeloader Child Carrier,Yes,Children / Education,Male,"2,00,000",33%,"6,06,061",,,,1,,,,,1,"2,00,000",
273,5,3,Rapid Ramen Cooker,Yes,Food and Beverage,Male,"3,00,000",15%,"20,00,000",,1,,,,,,,1,"3,00,000","150K is investment, 150K is loan"
274,5,3,Fairy Tale Wishes,No,Children / Education,Female,,,,,,,,,,,,0,,
275,5,3,Kook n Kap,No,Food and Beverage,Female,,,,,,,,,,,,0,,
276,5,4,Screen Mend,Yes,Lifestyle / Home,Mixed Team,"30,000",50%,"60,000",,,1,,,,,,1,"30,000",
277,5,4,Hamboards Skateboard/Surfboard,Yes,Fitness / Sports,Male,"3,00,000",30%,"10,00,000",,,,1,,,,,1,"3,00,000",
278,5,4,R Dubs Sunday Night Slow Jams,No,Lifestyle / Home,Male,,,,,,,,,,,,0,,
279,5,4,Scan. Me App,No,Software / Tech,Male,,,,,,,,,,,,0,,
280,5,5,Garden Pops,Yes,Food and Beverage,Mixed Team,"75,000",30%,"2,50,000",1,1,,,,,,,2,"37,500",
281,5,5,Ruffle Butts - Rugged Butts,Yes,Fashion / Beauty,Mixed Team,"3,00,000",9%,"33,33,333",,,1,,,,,,1,"3,00,000",
282,5,5,Bare Ease Bikini Waxing,No,Lifestyle / Home,Female,,,,,,,,,,,,0,,
283,5,5,Rent A Goat,No,Uncertain / Other,Male,,,,,,,,,,,,0,,
284,5,6,Total Merchant Resources,Yes,Business Services,Mixed Team,"2,00,000",50%,"4,00,000",,,,,,1,,,1,"2,00,000",
285,5,6,Ten Thirty One Haunted Hayrides,Yes,Media / Entertainment,Female,"20,00,000",20%,"1,00,00,000",,1,,,,,,,1,"20,00,000",
286,5,6,Fiber Fix Tape,Yes,Lifestyle / Home,Male,"2,50,000",12%,"20,83,333",,,1,,,,,,1,"2,50,000",
287,5,6,Elephant Chat,No,Consumer Products,Mixed Team,,,,,,,,,,,,0,,
288,5,7,180 Party Cup,Yes,Lifestyle / Home,Male,"3,00,000",25%,"12,00,000",,,,,1,,,,1,"3,00,000",
289,5,7,Tree T Pee,Yes,Green/CleanTech,Male,"1,50,000",20%,"7,50,000",,,,,,,,1,1,"1,50,000",
290,5,7,Better Life Cleaning Products,Yes,Green/CleanTech,Male,"4,00,000",17%,"23,52,941",,,1,,,,,,1,"4,00,000",400K is loan; equity drops to 7% once loan paid back
291,5,7,Kymera Electric Surfboards,No,Fitness / Sports,Male,,,,,,,,,,,,0,,
292,5,8,Paparazzi Proposals,Yes,Lifestyle / Home,Male,"2,50,000",33%,"7,57,576",,,1,,,1,,,2,"1,25,000",200K as loan
293,5,8,Schulzies Bread Pudding,No,Food and Beverage,Female,,,,,,,,,,,,0,,
294,5,8,BellyBuds,No,Healthcare,Male,,,,,,,,,,,,0,,
295,5,8,PetPaint,No,Pet Products,Male,,,,,,,,,,,,0,,
296,5,9,Surprise Ride,No,Children / Education,Female,,,,,,,,,,,,0,,
297,5,9,Slawsa,No,Food and Beverage,Female,,,,,,,,,,,,0,,
298,5,9,DoorBot,No,Lifestyle / Home,Male,,,,,,,,,,,,0,,
299,5,9,Magic Moments,No,Software / Tech,Male,,,,,,,,,,,,0,,
300,5,10,Grace & Lace Knitted Boot Socks,Yes,Fashion / Beauty,Mixed Team,"1,75,000",10%,"17,50,000",1,,,,,,,,1,"1,75,000",half of investment is credit line
301,5,10,Yubo Customized Lunch Boxes,Yes,Children / Education,Mixed Team,"1,50,000",20%,"7,50,000",,,,1,,1,,,2,"75,000","if they pay it back in 18 months, equity drops to 10%"
302,5,10,PurseCase,Yes,Fashion / Beauty,Female,"55,000",15%,"3,66,667",,,,,1,,,,1,"55,000",
303,5,10,Chocomize Chocolate Bars,No,Food and Beverage,Male,,,,,,,,,,,,0,,
304,5,11,De-Boned Baby Back Rib Steak,Yes,Food and Beverage,Mixed Team,"3,00,000",30%,"10,00,000",,,,,1,,,,1,"3,00,000",
305,5,11,SpiritHoods,No,Fashion / Beauty,Mixed Team,,,,,,,,,,,,0,,
306,5,11,FoHawx,No,Fitness / Sports,Female,,,,,,,,,,,,0,,
307,5,11,Virtuix Omni,No,Software / Tech,Male,,,,,,,,,,,,0,,
308,5,12,Tipsy Elves,Yes,Fashion / Beauty,Male,"1,00,000",10%,"10,00,000",,,,1,,,,,1,"1,00,000",
309,5,12,One Life Products,Yes,Lifestyle / Home,Male,"50,000",35%,"1,42,857",,,,,1,,,,1,"50,000",
310,5,12,Cashmere Hair,No,Fashion / Beauty,Female,,,,,,,,,,,,0,,
311,5,12,Lite-Netics,No,Lifestyle / Home,Male,,,,,,,,,,,,0,,
312,5,13,GrooveBook,Yes,Software / Tech,Mixed Team,"1,50,000",n/a,n/a,,1,,,,1,,,2,"75,000",Sold to Shutterfly for 14.5M; deal was for 80% of the licensing rights
313,5,13,The Wall DoctoRX,Yes,Lifestyle / Home,Male,"1,50,000",0%,n/a,,,,1,,,,,1,"1,50,000",exclusive rights to sell internationally
314,5,13,Bounce Boot Camp,No,Children / Education,Male,,,,,,,,,,,,0,,
315,5,13,EyeBloc,No,Software / Tech,Male,,,,,,,,,,,,0,,
316,5,14,LockerBones,Yes,Children / Education,Male,"1,75,000",50%,"3,50,000",,,1,1,,,,,2,"87,500",
317,5,14,InvisiPlug,Yes,Software / Tech,Male,"1,25,000",10%,"12,50,000",,,1,,,,,,1,"1,25,000","1 per unit until she makes it back, then 25 cents per unit thereafter"
318,5,14,Balloon Distractions,No,Children / Education,Male,,,,,,,,,,,,0,,
319,5,14,Alaska Glacial Mud Co.,No,Fashion / Beauty,Female,,,,,,,,,,,,0,,
320,5,15,SwimZip,Yes,Children / Education,Mixed Team,"60,000",20%,"3,00,000",,,1,,,,,,1,"60,000",
321,5,15,Freshly Picked,Yes,Children / Education,Female,"1,50,000",25%,"6,00,000",,,,,1,,,,1,"1,50,000",
322,5,15,FitDeck,No,Fitness / Sports,Male,,,,,,,,,,,,0,,
323,5,15,LifeCaps,No,Healthcare,Male,,,,,,,,,,,,0,,
324,5,16,The Cookie Dough Cafe,Yes,Food and Beverage,Female,"1,00,000",30%,"3,33,333",,,1,,,,,1,2,"50,000",
325,5,16,Cycloramic,Yes,Software / Tech,Male,"5,00,000",15%,"33,33,333",,1,1,,,,,,2,"2,50,000",
326,5,16,Nexersys,No,Fitness / Sports,Male,,,,,,,,,,,,0,,
327,5,16,Cow Wow Cereal Milk,No,Food and Beverage,Male,,,,,,,,,,,,0,,
328,5,17,Spy Escape and Evasion,Yes,Children / Education,Male,"1,50,000",45%,"3,33,333",,,,,1,,,,1,"1,50,000",
329,5,17,Southern Culture Artisan Foods,Yes,Food and Beverage,Female,"1,00,000",38%,"2,63,158",1,,,,,,,,1,"1,00,000",
330,5,17,DDP Yoga,No,Fitness / Sports,Male,,,,,,,,,,,,0,,
331,5,17,Moberi,No,Food and Beverage,Male,,,,,,,,,,,,0,,
332,5,18,Bambooee,Yes,Lifestyle / Home,Mixed Team,"2,00,000",10%,"20,00,000",,,1,,,,,,1,"2,00,000",
333,5,18,Buzzy4Shots,No,Healthcare,Female,,,,,,,,,,,,0,,
334,5,18,ZipIt,No,Lifestyle / Home,Female,,,,,,,,,,,,0,,
335,5,18,Cheek'd,No,Software / Tech,Female,,,,,,,,,,,,0,,
336,5,19,U-Lace,Yes,Fashion / Beauty,Male,"2,00,000",35%,"5,71,429",,1,,,,,,,1,"2,00,000",
337,5,19,RevoLights,Yes,Fitness / Sports,Male,"3,00,000",10%,"30,00,000",,,,1,,,,,1,"3,00,000",
338,5,19,Squeeky Knees,No,Children / Education,Mixed Team,,,,,,,,,,,,0,,
339,5,19,The Buffer Bit,No,Fashion / Beauty,Male,,,,,,,,,,,,0,,
340,5,20,Henry's Humdingers,Yes,Food and Beverage,Male,"3,00,000",75%,"4,00,000",,1,,1,,,,,2,"1,50,000",
341,5,20,Boo Boo Goo,Yes,Healthcare,Mixed Team,"1,00,000",25%,"4,00,000",,,,,,1,,,1,"1,00,000",
342,5,20,Iretron,Yes,Software / Tech,Male,"1,00,000",20%,"5,00,000",1,1,,,,,,,2,"50,000",
343,5,20,Define Bottle,No,Food and Beverage,Male,,,,,,,,,,,,0,,
344,5,21,Packback Books,No,Children / Education,Mixed Team,,,,,,,,,,,,0,,
345,5,21,Chapul,Yes,Food and Beverage,Male,"50,000",15%,"3,33,333",,1,,,,,,,1,"50,000",
346,5,21,Garage Door Lock,Yes,Lifestyle / Home,Male,"2,75,000",35%,"7,85,714",,,,,1,,,,1,"2,75,000",
347,5,21,MorningHead,No,Lifestyle / Home,Male,,,,,,,,,,,,0,,
348,5,22,Plated,Yes,Food and Beverage,Male,"5,00,000",6%,"89,92,806",,1,,,,,,,1,"5,00,000",
349,5,22,Monkey Mat,Yes,Lifestyle / Home,Mixed Team,"1,00,000",35%,"2,85,714",,1,1,,,,,,2,"50,000",
350,5,22,The Paint Brush Cover,Yes,Lifestyle / Home,Male,"1,00,000",20%,"5,00,000",,,1,,,,,,1,"1,00,000",
351,5,22,Kodiak Cakes,No,Food and Beverage,Mixed Team,,,,,,,,,,,,0,,
352,5,23,Velocity Signs,Yes,Business Services,Male,"2,25,000",30%,"7,50,000",,1,,1,,1,,,3,"75,000",
353,5,23,Happy Feet,Yes,Fashion / Beauty,Male,"3,75,000",25%,"15,00,000",,,,,,,,,0,#DIV/0!,
354,5,23,Hold Your Haunches,Yes,Fashion / Beauty,Female,"1,00,000",40%,"2,50,000",1,,1,,,,,,2,"50,000",
355,5,23,Lord Nut Levington,No,Food and Beverage,Male,,,,,,,,,,,,0,,
356,5,24,Fun Time Express,Yes,Children / Education,Male,"1,25,000",20%,"6,25,000",,,1,,,1,,,2,"62,500",
357,5,24,PowerPot,Yes,Food and Beverage,Male,"2,50,000",12%,"20,83,333",,1,,,,,,,1,"2,50,000",
358,5,24,Quickstop Fire Sprinkler Tools,No,Lifestyle / Home,Male,,,,,,,,,,,,0,,
359,5,24,Taylor Robinson Music,No,Software / Tech,Male,,,,,,,,,,,,0,,
360,5,25,ZooBean,Yes,Children / Education,Mixed Team,"2,50,000",30%,"8,33,333",,1,,,,,,,1,"2,50,000",
361,5,25,iLumi,No,Lifestyle / Home,Male,,,,,,,,,,,,0,,
362,5,25,Fort Magic,No,Children / Education,Female,,,,,,,,,,,,0,,
363,5,25,Intelli-Stopper Technology,No,Food and Beverage,Male,,,,,,,,,,,,0,,
364,5,26,Rugged Maniac,Yes,Fitness / Sports,Male,"17,50,000",25%,"70,00,000",,1,,,,,,,1,"17,50,000",
365,5,26,Cerebral Success,Yes,Healthcare,Male,"75,000",40%,"1,87,500",1,,,,,,,,1,"75,000",
366,5,26,Mo's Bows,No,Fashion / Beauty,Male,,,,,,,,,,,,0,,
367,5,26,Crio,No,Food and Beverage,Male,,,,,,,,,,,,0,,
368,5,27,Angellift,Yes,Fashion / Beauty,Male,"5,00,000",15%,"33,33,333",,,1,,,,,,1,"5,00,000",
369,5,27,HangEase,No,Lifestyle / Home,Male,,,,,,,,,,,,0,,
370,5,27,The Bouqs Company,No,Lifestyle / Home,Male,,,,,,,,,,,,0,,
371,5,27,Susty Party,No,Lifestyle / Home,Female,,,,,,,,,,,,0,,
372,5,28,Oru Kayak,Yes,Fitness / Sports,Male,"5,00,000",25%,"20,00,000",,,,1,,,,,1,"5,00,000",
373,5,28,Bon Affair,Yes,Food and Beverage,Female,"1,50,000",35%,"4,28,571",,1,,,,,,,1,"1,50,000",
374,5,28,Cinnaholic,No,Food and Beverage,Mixed Team,,,,,,,,,,,,0,,
375,5,28,Hargitt Marine Services,No,Uncertain / Other,Male,,,,,,,,,,,,0,,
376,5,29,Foot Fairy,Yes,Software / Tech,Female,"1,00,000",40%,"2,50,000",,1,,,,,,,1,"1,00,000",
377,5,29,BZbox,Yes,Lifestyle / Home,Female,"50,000",40%,"1,25,000",,,1,,,,,,1,"50,000",
378,5,29,Tie-Not,No,Children / Education,Male,,,,,,,,,,,,0,,
379,5,29,Baker's Edge,No,Food and Beverage,Mixed Team,,,,,,,,,,,,0,,
380,6,1,Sleeping Baby,Yes,Children / Education,Mixed Team,"2,00,000",20%,"10,00,000",,,,,1,,,,1,"2,00,000",
381,6,1,Bombas,Yes,Fashion / Beauty,Male,"2,00,000",18%,"11,42,857",,,,,1,,,,1,"2,00,000",
382,6,1,Hammer & Nails,No,Fashion / Beauty,Male,,,,,,,,,,,,0,,
383,6,1,Amber,No,Software / Tech,Male,,,,,,,,,,,,0,,
384,6,2,Kronos,Yes,Fitness / Sports,Male,"1,50,000",30%,"5,00,000",,,,1,,,,,1,"1,50,000",
385,6,2,Roominate,Yes,Children / Education,Female,"5,00,000",5%,"1,00,00,000",,1,1,,,,,,2,"2,50,000",
386,6,2,The Floating Mug Co.,No,Lifestyle / Home,Male,,,,,,,,,,,,0,,
387,6,2,Wedding Wagon,No,Lifestyle / Home,Male,,,,,,,,,,,,0,,
388,6,3,Heart Pup,Yes,Pet Products,Female,"50,000",40%,"1,25,000",,,,,1,,,,1,"50,000",
389,6,3,SoapSox,No,Children / Education,Male,,,,,,,,,,,,0,,
390,6,3,Ninja Cards,No,Children / Education,Male,,,,,,,,,,,,0,,
391,6,3,DrumPants,No,Fashion / Beauty,Mixed Team,,,,,,,,,,,,0,,
392,6,4,Paper Box Pilots,Yes,Children / Education,Male,"35,000",50%,"70,000",,,,1,,,,,1,"35,000",
393,6,4,Reviver,Yes,Lifestyle / Home,Male,"1,50,000",15%,"10,00,000",,,1,,,,,,1,"1,50,000",
394,6,4,FunCakes Rental,No,Food and Beverage,Female,,,,,,,,,,,,0,,
395,6,4,Table Jacks,No,Lifestyle / Home,Male,,,,,,,,,,,,0,,
396,6,5,The Red Dress Boutique,Yes,Fashion / Beauty,Mixed Team,"12,00,000",20%,"60,00,000",,1,,1,,,,,2,"6,00,000",
397,6,5,SunStaches,Yes,Fashion / Beauty,Male,"3,00,000",20%,"15,00,000",,,,,1,,,,1,"3,00,000",
398,6,5,Jungle JumpaRoo,No,Children / Education,Mixed Team,,,,,,,,,,,,0,,
399,6,5,The Caddy Girls,No,Fitness / Sports,Female,,,,,,,,,,,,0,,
400,6,6,Honeyfund,Yes,Software / Tech,Mixed Team,"4,00,000",n/a,,,,,,,1,,,1,"4,00,000",three times return from the transaction revenue
401,6,6,BeatBox Beverages,Yes,Food and Beverage,Mixed Team,"10,00,000",33%,"30,30,303",,1,,,,,,,1,"10,00,000",
402,6,6,Oilerie USA,No,Food and Beverage,Male,,,,,,,,,,,,0,,
403,6,6,EmergenSee,No,Software / Tech,Male,,,,,,,,,,,,0,,
404,6,7,Myself Belts,Yes,Children / Education,Female,"75,000",25%,"3,00,000",,,,,1,,,,1,"75,000",
405,6,7,Titin,Yes,Fitness / Sports,Male,"5,00,000",20%,"25,00,000",,,,,1,,,,1,"5,00,000",
406,6,7,SingTrix,No,Children / Education,Male,,,,,,,,,,,,0,,
407,6,7,Beardbrand,No,Fashion / Beauty,Male,,,,,,,,,,,,0,,
408,6,8,The Natural Grip,Yes,Fitness / Sports,Female,"1,25,000",25%,"5,00,000",,,,1,,,,,1,"1,25,000",
409,6,8,Bottle Breacher,Yes,Food and Beverage,Male,"1,50,000",20%,"7,50,000",,1,,,,1,,,2,"75,000",
410,6,8,Man-Pack,No,Fashion / Beauty,Male,,,,,,,,,,,,0,,
411,6,8,Priority One Canine,No,Pet Products,Mixed Team,,,,,,,,,,,,0,,
412,6,9,Heidi Ho,Yes,Food and Beverage,Female,"1,25,000",30%,"4,16,667",,,1,,,,,,1,"1,25,000",
413,6,9,Squatty Potty,Yes,Lifestyle / Home,Mixed Team,"3,50,000",10%,"35,00,000",,,1,,,,,,1,"3,50,000",
414,6,9,Pipsnacks,Yes,Food and Beverage,Mixed Team,"2,00,000",10%,"20,00,000",1,,,,,,,,1,"2,00,000",plus a 10% draw whenever founders take cash out until she recoups her investment
415,6,9,Storm Stoppers,No,Lifestyle / Home,Male,,,,,,,,,,,,0,,
416,6,10,MagicCook,Yes,Food and Beverage,Female,"1,00,000",33%,"3,03,030",,,,,1,,,,1,"1,00,000",
417,6,10,Earth Log,Yes,Lifestyle / Home,Male,"1,60,000",30%,"5,33,333",,,1,,,,,,1,"1,60,000",
418,6,10,Kitchen Safe,Yes,Food and Beverage,Male,"1,00,000",20%,"5,00,000",,,1,,,,,1,2,"50,000",
419,6,10,Off the Cob,No,Food and Beverage,Male,,,,,,,,,,,,0,,
420,6,11,Biaggi,Yes,Lifestyle / Home,Male,"5,00,000",33%,"15,15,152",,,1,,,,,,1,"5,00,000",
421,6,11,Gameday Couture,Yes,Fashion / Beauty,Mixed Team,"5,00,000",30%,"16,66,667",,1,,,,,,,1,"5,00,000",
422,6,11,Zipz,Yes,Food and Beverage,Male,"25,00,000",10%,"2,50,00,000",,,,,,1,,,1,"25,00,000",with an option for another 2.5 Million for an additional 10%
423,6,11,Soaps Washes and Grooming Essentials (aka S.W.A.G. Essentials),No,Fashion / Beauty,Female,,,,,,,,,,,,0,,
424,6,12,Hoppy Paws,Yes,Lifestyle / Home,Female,"1,00,000",49%,"2,04,082",1,,,,,,,,1,"1,00,000",
425,6,12,Q-Flex,Yes,Healthcare,Female,"25,000",25%,"1,00,000",1,1,,,,,,,2,"12,500",
426,6,12,The Mensch on a Bench,Yes,Lifestyle / Home,Male,"1,50,000",15%,"10,00,000",,,1,1,,,,,2,"75,000",
427,6,12,Eve Drop,No,Lifestyle / Home,Male,,,,,,,,,,,,0,,
428,6,13,Bantam Bagels,Yes,Food and Beverage,Mixed Team,"2,75,000",25%,"11,00,000",,,1,,,,,,1,"2,75,000",
429,6,13,Doorman,Yes,Lifestyle / Home,Male,"2,50,000",12%,"20,83,333",,,,1,,,,,1,"2,50,000",
430,6,13,SkinnyShirt,No,Fashion / Beauty,Female,,,,,,,,,,,,0,,
431,6,13,Coffee Meets Bagel,No,Software / Tech,Female,,,,,,,,,,,,0,,
432,6,14,Evrewares,Yes,Fashion / Beauty,Female,"2,00,000",100%,"2,00,000",,1,,,,,,,1,"2,00,000",
433,6,14,Bottle Bright,Yes,Lifestyle / Home,Male,"75,000",33%,"2,27,273",,,1,,,,,,1,"75,000",
434,6,14,Scratch & Grain Baking Co,Yes,Food and Beverage,Female,"1,50,000",20%,"7,50,000",1,,,,,,,,1,"1,50,000",Done as a line of credit
435,6,14,Vestpakz,No,Children / Education,Male,,,,,,,,,,,,0,,
436,6,15,TurboPUP,Yes,Pet Products,Mixed Team,"1,00,000",35%,"2,85,714",,,,,1,,,,1,"1,00,000",
437,6,15,Lumio,Yes,Lifestyle / Home,Male,"3,50,000",10%,"35,00,000",,,,1,,,,,1,"3,50,000",
438,6,15,Bello Verde,No,Fashion / Beauty,Male,,,,,,,,,,,,0,,
439,6,15,Napwell,No,Lifestyle / Home,Male,,,,,,,,,,,,0,,
440,6,16,GreenBox,Yes,Food and Beverage,Mixed Team,"3,00,000",10%,"30,00,000",,,,,,1,,,1,"3,00,000",
441,6,16,Phonesoap,Yes,Software / Tech,Male,"3,00,000",10%,"30,00,000",,,1,,,,,,1,"3,00,000",
442,6,16,Victoria's Kitchen,No,Food and Beverage,Mixed Team,,,,,,,,,,,,0,,
443,6,16,Tycoon Real Estate,No,Software / Tech,Mixed Team,,,,,,,,,,,,0,,
444,6,17,Fresh Patch,Yes,Pet Products,Mixed Team,"1,50,000",20%,"7,50,000",1,1,,,,,,,2,"75,000",
445,6,17,Drain Strain,Yes,Lifestyle / Home,Male,"1,10,000",10%,"11,00,000",,,,1,,,,,1,"1,10,000",
446,6,17,Balm Chicky Balm Balm,No,Fashion / Beauty,Female,,,,,,,,,,,,0,,
447,6,17,BedJet,No,Lifestyle / Home,Male,,,,,,,,,,,,0,,
448,6,18,BeverageBoy,Yes,Food and Beverage,Male,"50,000",35%,"1,42,857",,,,,1,,,,1,"50,000",
449,6,18,FunBites,Yes,Children / Education,Female,"75,000",25%,"3,00,000",,,1,,,,,,1,"75,000",
450,6,18,The Lip Bar,No,Fashion / Beauty,Female,,,,,,,,,,,,0,,
451,6,18,Himalayan Dog Chew,No,Pet Products,Male,,,,,,,,,,,,0,,
452,6,19,Boobypack,Yes,Fashion / Beauty,Female,"80,000",25%,"3,20,000",1,,,,,,,,1,"80,000",
453,6,19,Gold Rush Nugget Bucket,Yes,Children / Education,Male,"60,000",25%,"2,40,000",,,,1,,,,,1,"60,000",
454,6,19,Sseko Designs,No,Fashion / Beauty,Mixed Team,,,,,,,,,,,,0,,
455,6,19,Lumi,No,Fashion / Beauty,Female,,,,,,,,,,,,0,,
456,6,20,LuminAid,Yes,Consumer Products,Female,"3,00,000",15%,"20,00,000",,1,,,,,,,1,"3,00,000",
457,6,20,Scholly,Yes,Children / Education,Male,"40,000",15%,"2,66,667",,,,,,,,,0,#DIV/0!,
458,6,20,Keen Home,Yes,Lifestyle / Home,Male,"7,50,000",13%,"57,69,231",,,,1,,,,,1,"7,50,000",
459,6,20,Taaluma,No,Fashion / Beauty,Mixed Team,,,,,,,,,,,,0,,
460,6,21,Coco Jack,Yes,Food and Beverage,Male,"1,25,000",25%,"5,00,000",,1,,,,,,,1,"1,25,000",125k in convertible debt for 25% of the company with 7% interest
461,6,21,BedRyder,No,Consumer Products,Male,,,,,,,,,,,,0,,
462,6,21,Frill,Yes,Fashion / Beauty,Female,"1,00,000",20%,"5,00,000",1,,,,,1,,,2,"50,000",
463,6,21,Twin Z Pillow,Yes,Children / Education,Mixed Team,"75,000",20%,"3,75,000",,,1,,,,,,1,"75,000",
464,6,22,Echo Valley Meats,Yes,Food and Beverage,Male,"1,50,000",25%,"6,00,000",,1,,,,,,,1,"1,50,000",
465,6,22,Emazing Lights,Yes,Media / Entertainment,Male,"6,50,000",5%,"1,30,00,000",,1,,,1,,,,2,"3,25,000",plus 20% commission on any license deals they bring
466,6,22,acqua vault,Yes,Lifestyle / Home,Male,"75,000",25%,"3,00,000",,,,,1,,,,1,"75,000",
467,6,22,Naja,No,Fashion / Beauty,Female,,,,,,,,,,,,0,,
468,6,23,Bee Sweet Lemonade,Yes,Food and Beverage,Mixed Team,"60,000",25%,"2,40,000",,,,,1,,,,1,"60,000",
469,6,23,Brand Yourself,No,Software / Tech,Male,,,,,,,,,,,,0,,
470,6,23,iC Pooch,No,Pet Products,Mixed Team,,,,,,,,,,,,0,,
471,6,23,The Home T,No,Fashion / Beauty,Male,,,,,,,,,,,,0,,
472,6,24,Budsies,No,Children / Education,Male,,,,,,,,,,,,0,,
473,6,24,bee thinking,No,Lifestyle / Home,Male,,,,,,,,,,,,0,,
474,6,24,PullyPalz,Yes,Children / Education,Female,"1,00,000",28%,"3,57,143",,,1,,,,,,1,"1,00,000",
475,6,24,Forus,No,Fitness / Sports,Male,,,,,,,,,,,,0,,
476,6,25,NeatCheeks,Yes,Children / Education,Female,"1,50,000",25%,"6,00,000",1,,,,,,,,1,"1,50,000",
477,6,25,Melni,Yes,Uncertain / Other,Male,"5,00,000",12%,"41,66,667",,1,,,,,,,1,"5,00,000",
478,6,25,Beneath the Ink,No,Software / Tech,Mixed Team,,,,,,,,,,,,0,,
479,6,25,PittMoss,Yes,Green/CleanTech,Male,"6,00,000",35%,"17,14,286",,1,,1,,1,,,3,"2,00,000",
480,6,26,ZinePak,Yes,Media / Entertainment,Female,"7,25,000",18%,"41,42,857",,,1,1,,,,,2,"3,62,500",
481,6,26,snagastool,No,Software / Tech,Male,,,,,,,,,,,,0,,
482,6,26,Buck Mason,No,Fashion / Beauty,Male,,,,,,,,,,,,0,,Declined Robert's offer
483,6,26,Noene,Yes,Fashion / Beauty,Male,"2,00,000",30%,"6,66,667",,1,,,1,,,,2,"1,00,000",
484,6,27,AirCar,Yes,Green/CleanTech,Male,"50,00,000",50%,"1,00,00,000",,,,1,,,,,1,"50,00,000",Contingent on getting deal to bring to continental US
485,6,27,Paleo Diet Foods,No,Food and Beverage,Female,,,,,,,,,,,,0,,
486,6,27,World Record Striper Company,Yes,Fitness / Sports,Male,"50,000",33%,"1,51,515",,1,,,,,,,1,"50,000",
487,6,27,Frameri,No,Fashion / Beauty,Male,,,,,,,,,,,,0,,
488,6,28,Zoom,Yes,Lifestyle / Home,Female,"1,00,000",33%,"3,03,030",1,,,,,,,,1,"1,00,000",
489,6,28,Sunscreen Mist,No,Lifestyle / Home,Male,,,,,,,,,,,,0,,
490,6,28,SynDaver Labs,Yes,Healthcare,Male,"30,00,000",25%,"1,20,00,000",,,,1,,,,,1,"30,00,000",
491,6,28,You Kick Ass,Yes,Children / Education,Female,"1,00,000",10%,"10,00,000",,1,,,,,,,1,"1,00,000",
492,6,29,Shark Wheel,Yes,Fitness / Sports,Male,"2,25,000",8%,"30,00,000",,1,,1,,,,1,3,"75,000",10% royalty until 500K; then converts to 5% equity
493,6,29,Gato Cafe,No,Uncertain / Other,Female,,,,,,,,,,,,0,,
494,6,29,Sway Motorsports,Yes,Green/CleanTech,Male,"3,00,000",20%,"15,00,000",,1,,,,,,,1,"3,00,000",
495,6,29,Spikeball,Yes,Fitness / Sports,Male,"5,00,000",20%,"25,00,000",,,,,1,,,,1,"5,00,000",
